{"cameraMode":{"drawMode":0,"name":"Shaded","section":"Shading Mode"},"sceneLighting":true,"audioPlay":false,"sceneViewState":{"m_AlwaysRefresh":false,"showFog":true,"showSkybox":true,"showFlares":true,"showImageEffects":true,"showParticleSystems":true,"showVisualEffectGraphs":true,"m_FxEnabled":true},"in2DMode":false,"pivot":{"x":-0.9268350005149841,"y":-7.175022125244141,"z":11.374156951904297},"rotation":{"x":-0.2934350371360779,"y":0.023512359708547593,"z":-0.0072183264419436459,"w":-0.9556670188903809},"size":10.495345115661621,"orthographic":false}